use medical_management_system;
#Insert into Role

INSERT INTO `medical_management_system`.`role` (`roles`) VALUES ('DOCTOR');
INSERT INTO `medical_management_system`.`role` (`roles`) VALUES ('PATIENT');


#Insert into Users

INSERT INTO `medical_management_system`.`users` ( `email`, `full_name`,`birth_date`, `phone_number`,`id_medical_card`) VALUES ('sildiricku3@gmail.com', 'Steve Rogers', '1990-05-15', '4728337482', '0837462958176432');
INSERT INTO `medical_management_system`.`users` ( `email`, `full_name`,`birth_date`, `phone_number`,`id_medical_card`) VALUES ('sildiricku3@gmail.com', 'Tony Stark', '1985-09-28', '8348923612', '4536912702841967');
INSERT INTO `medical_management_system`.`users` ( `email`, `full_name`,`birth_date`, `phone_number`,`id_medical_card`) VALUES ('sildiricku3@gmail.com', 'Natasha Romanoff', '1988-07-03', '92362184', '1468295710397256');
INSERT INTO `medical_management_system`.`users` ( `email`, `full_name`,`birth_date`, `phone_number`,`id_medical_card`) VALUES ('sildiricku3@gmail.com', 'Peggy Carter', '1982-11-20', '547423093', '3208941659278413');
INSERT INTO `medical_management_system`.`users` ( `email`, `full_name`,`birth_date`, `phone_number`,`id_medical_card`) VALUES ('sildiricku3@gmail.com', 'Romeisa Aliu', '1995-04-10', '003834252', '5736489215649132');
INSERT INTO `medical_management_system`.`users` ( `email`, `full_name`,`birth_date`, `phone_number`,`id_medical_card`) VALUES ('sildiricku3@gmail.com', 'Klejda Rrapaj', '1998-12-07', '57239145', '7904825613249051');
INSERT INTO `medical_management_system`.`users` ( `email`, `full_name`,`birth_date`, `phone_number`,`id_medical_card`) VALUES ('sildiricku3@gmail.com', 'Sildi Ricku', '1992-02-25', '93482663', '8695472134059328');
INSERT INTO `medical_management_system`.`users` ( `email`, `full_name`,`birth_date`, `phone_number`,`id_medical_card`) VALUES ('kleaprifti21@gmail.com', 'Carlos Sainz', '1993-08-30', '3627183', '2654389710296548');
INSERT INTO `medical_management_system`.`users` ( `email`, `full_name`,`birth_date`, `phone_number`,`id_medical_card`) VALUES ('kleaprifti21@gmail.com', 'Pablus Pabliuus', '1997-06-14', '57355253', '7641852093765412');
INSERT INTO `medical_management_system`.`users` ( `email`, `full_name`,`birth_date`, `phone_number`,`id_medical_card`) VALUES ('kleaprifti21@gmail.com', 'Francesco Totti', '1989-03-07', '298342184', '9385721465029164');
INSERT INTO `medical_management_system`.`users` ( `email`, `full_name`,`birth_date`, `phone_number`,`id_medical_card`) VALUES ('kleaprifti21@gmail.com', 'Matt Smith','1987-01-12', '473829742', '4591783426138956');
INSERT INTO `medical_management_system`.`users` ( `email`, `full_name`,`birth_date`, `phone_number`,`id_medical_card`) VALUES ('kleaprifti21@gmail.com', 'Wanda Maximoff','1991-10-02', '76538291', '6329485107945308');
INSERT INTO `medical_management_system`.`users` ( `email`, `full_name`,`birth_date`, `phone_number`,`id_medical_card`) VALUES ('kleaprifti21@gmail.com', 'Max Verstappen', '1994-09-20', '5738219353', '8150246794832169');
INSERT INTO `medical_management_system`.`users` ( `email`, `full_name`,`birth_date`, `phone_number`,`id_medical_card`) VALUES ('kleaprifti21@gmail.com', 'Charles Leclerc','1998-06-23', '83728264', '1374298658102397');
INSERT INTO `medical_management_system`.`users` ( `email`, `full_name`,`birth_date`, `phone_number`,`id_medical_card`) VALUES ('kleaprifti21@gmail.com', 'Daniel Ricciardo', '1990-07-29', '8038472', '2480935467102834');
INSERT INTO `medical_management_system`.`users` ( `email`, `full_name`,`birth_date`, `phone_number`,`id_medical_card`) VALUES ('romeisaaliu1@gmail.com', 'Sebastian Vettel', '1993-04-17', '58384734', '7946210385627104');
INSERT INTO `medical_management_system`.`users` ( `email`, `full_name`,`birth_date`, `phone_number`,`id_medical_card`) VALUES ('romeisaaliu1@gmail.com', 'Fernando Alonso', '1986-02-06', '85232244', '9052638174612957');
INSERT INTO `medical_management_system`.`users` ( `email`, `full_name`,`birth_date`, `phone_number`,`id_medical_card`) VALUES ('romeisaaliu1@gmail.com', 'Lewis Hamilton', '1984-08-14', '1234567', '4728135960847623');
INSERT INTO `medical_management_system`.`users` ( `email`, `full_name`,`birth_date`, `phone_number`,`id_medical_card`) VALUES ('romeisaaliu1@gmail.com', 'Lando Norris', '1999-11-13', '85634283', '6514907328465201');
INSERT INTO `medical_management_system`.`users` ( `email`, `full_name`,`birth_date`, `phone_number`,`id_medical_card`) VALUES ('romeisaaliu1@gmail.com', 'Carol Denvers', '1996-12-25', '462827421', '8243156789024175');
INSERT INTO `medical_management_system`.`users` ( `email`, `full_name`,`birth_date`, `phone_number`,`id_medical_card`) VALUES ('romeisaaliu1@gmail.com', 'Gamora Quill', '1983-05-01', '000394821', '1657432987815023');
INSERT INTO `medical_management_system`.`users` ( `email`, `full_name`,`birth_date`, `phone_number`,`id_medical_card`) VALUES ('romeisaaliu1@gmail.com', 'Sherlock Holmes', '1978-09-09', '111482231', '3298174650281796');
INSERT INTO `medical_management_system`.`users` ( `email`, `full_name`,`birth_date`, `phone_number`,`id_medical_card`) VALUES ('romeisaaliu1@gmail.com', 'Gregory House', '1975-11-11', '222333444', '5021948317562049');
INSERT INTO `medical_management_system`.`users` ( `email`, `full_name`,`birth_date`, `phone_number`,`id_medical_card`) VALUES ('romeisaaliu1@gmail.com', 'Stephen Strange', '1980-01-03', '8884443222', '7865123490671345');
INSERT INTO `medical_management_system`.`users` ( `email`, `full_name`,`birth_date`, `phone_number`,`id_medical_card`) VALUES ('romeisaaliu1@gmail.com', 'John Watson', '1997-07-18', '999323333', '9362107542815637');
INSERT INTO `medical_management_system`.`users` ( `email`, `full_name`,`birth_date`, `phone_number`,`id_medical_card`) VALUES ('romeisaaliu1@gmail.com', 'Irene Adler','1991-03-27', '0002222111', '4103985274618392');
INSERT INTO `medical_management_system`.`users` ( `email`, `full_name`,`birth_date`, `phone_number`,`id_medical_card`) VALUES ('romeisaaliu1@gmail.com', 'John Smith', '1988-10-08', '373163982', '6820493715269301');
INSERT INTO `medical_management_system`.`users` ( `email`, `full_name`,`birth_date`, `phone_number`,`id_medical_card`) VALUES ('romeisaaliu1@gmail.com', 'James Moriarty','1977-12-22', '32223833', '9574032168213496');
INSERT INTO `medical_management_system`.`users` ( `email`, `full_name`,`birth_date`, `phone_number`,`id_medical_card`) VALUES ('romeisaaliu1@gmail.com', 'Thanos Lang', '1971-06-28', '212221114', '1068294157832049');


INSERT INTO `medical_management_system`.`user_role` (`user_id`, `role_id`) VALUES ((SELECT id FROM users WHERE phone_number = '4728337482'),(SELECT id FROM role WHERE roles = 'PATIENT'));
INSERT INTO `medical_management_system`.`user_role` (`user_id`, `role_id`) VALUES ((SELECT id FROM users WHERE phone_number = '8348923612'),(SELECT id FROM role WHERE roles = 'PATIENT'));
INSERT INTO `medical_management_system`.`user_role` (`user_id`, `role_id`) VALUES ((SELECT id FROM users WHERE phone_number = '92362184'),(SELECT id FROM role WHERE roles = 'PATIENT'));
INSERT INTO `medical_management_system`.`user_role` (`user_id`, `role_id`) VALUES ((SELECT id FROM users WHERE phone_number = '547423093'),(SELECT id FROM role WHERE roles = 'PATIENT'));
INSERT INTO `medical_management_system`.`user_role` (`user_id`, `role_id`) VALUES ((SELECT id FROM users WHERE phone_number = '003834252'),(SELECT id FROM role WHERE roles = 'PATIENT'));
INSERT INTO `medical_management_system`.`user_role` (`user_id`, `role_id`) VALUES ((SELECT id FROM users WHERE phone_number = '57239145'),(SELECT id FROM role WHERE roles = 'PATIENT'));
INSERT INTO `medical_management_system`.`user_role` (`user_id`, `role_id`) VALUES ((SELECT id FROM users WHERE phone_number = '93482663'),(SELECT id FROM role WHERE roles = 'PATIENT'));
INSERT INTO `medical_management_system`.`user_role` (`user_id`, `role_id`) VALUES ((SELECT id FROM users WHERE phone_number = '3627183'),(SELECT id FROM role WHERE roles = 'PATIENT'));
INSERT INTO `medical_management_system`.`user_role` (`user_id`, `role_id`) VALUES ((SELECT id FROM users WHERE phone_number = '57355253'),(SELECT id FROM role WHERE roles = 'PATIENT'));
INSERT INTO `medical_management_system`.`user_role` (`user_id`, `role_id`) VALUES ((SELECT id FROM users WHERE phone_number = '298342184'),(SELECT id FROM role WHERE roles = 'PATIENT'));
INSERT INTO `medical_management_system`.`user_role` (`user_id`, `role_id`) VALUES ((SELECT id FROM users WHERE phone_number = '473829742'),(SELECT id FROM role WHERE roles = 'PATIENT'));
INSERT INTO `medical_management_system`.`user_role` (`user_id`, `role_id`) VALUES ((SELECT id FROM users WHERE phone_number = '76538291'),(SELECT id FROM role WHERE roles = 'PATIENT'));
INSERT INTO `medical_management_system`.`user_role` (`user_id`, `role_id`) VALUES ((SELECT id FROM users WHERE phone_number = '5738219353'),(SELECT id FROM role WHERE roles = 'PATIENT'));
INSERT INTO `medical_management_system`.`user_role` (`user_id`, `role_id`) VALUES ((SELECT id FROM users WHERE phone_number = '83728264'),(SELECT id FROM role WHERE roles = 'PATIENT'));
INSERT INTO `medical_management_system`.`user_role` (`user_id`, `role_id`) VALUES ((SELECT id FROM users WHERE phone_number = '83728264'),(SELECT id FROM role WHERE roles = 'DOCTOR'));
INSERT INTO `medical_management_system`.`user_role` (`user_id`, `role_id`) VALUES ((SELECT id FROM users WHERE phone_number = '8038472'),(SELECT id FROM role WHERE roles = 'PATIENT'));
INSERT INTO `medical_management_system`.`user_role` (`user_id`, `role_id`) VALUES ((SELECT id FROM users WHERE phone_number = '58384734'),(SELECT id FROM role WHERE roles = 'PATIENT'));
INSERT INTO `medical_management_system`.`user_role` (`user_id`, `role_id`) VALUES ((SELECT id FROM users WHERE phone_number = '85232244'),(SELECT id FROM role WHERE roles = 'PATIENT'));
INSERT INTO `medical_management_system`.`user_role` (`user_id`, `role_id`) VALUES ((SELECT id FROM users WHERE phone_number = '1234567'),(SELECT id FROM role WHERE roles = 'PATIENT'));
INSERT INTO `medical_management_system`.`user_role` (`user_id`, `role_id`) VALUES ((SELECT id FROM users WHERE phone_number = '85634283'),(SELECT id FROM role WHERE roles = 'PATIENT'));
INSERT INTO `medical_management_system`.`user_role` (`user_id`, `role_id`) VALUES ((SELECT id FROM users WHERE phone_number = '462827421'),(SELECT id FROM role WHERE roles = 'PATIENT'));
INSERT INTO `medical_management_system`.`user_role` (`user_id`, `role_id`) VALUES ((SELECT id FROM users WHERE phone_number = '000394821'),(SELECT id FROM role WHERE roles = 'PATIENT'));
INSERT INTO `medical_management_system`.`user_role` (`user_id`, `role_id`) VALUES ((SELECT id FROM users WHERE phone_number = '111482231'),(SELECT id FROM role WHERE roles = 'PATIENT'));
INSERT INTO `medical_management_system`.`user_role` (`user_id`, `role_id`) VALUES ((SELECT id FROM users WHERE phone_number = '222333444'),(SELECT id FROM role WHERE roles = 'DOCTOR'));
INSERT INTO `medical_management_system`.`user_role` (`user_id`, `role_id`) VALUES ((SELECT id FROM users WHERE phone_number = '8884443222'),(SELECT id FROM role WHERE roles = 'DOCTOR'));
INSERT INTO `medical_management_system`.`user_role` (`user_id`, `role_id`) VALUES ((SELECT id FROM users WHERE phone_number = '999323333'),(SELECT id FROM role WHERE roles = 'PATIENT'));
INSERT INTO `medical_management_system`.`user_role` (`user_id`, `role_id`) VALUES ((SELECT id FROM users WHERE phone_number = '0002222111'),(SELECT id FROM role WHERE roles = 'PATIENT'));
INSERT INTO `medical_management_system`.`user_role` (`user_id`, `role_id`) VALUES ((SELECT id FROM users WHERE phone_number = '373163982'),(SELECT id FROM role WHERE roles = 'PATIENT'));
INSERT INTO `medical_management_system`.`user_role` (`user_id`, `role_id`) VALUES ((SELECT id FROM users WHERE phone_number = '32223833'),(SELECT id FROM role WHERE roles = 'PATIENT'));
INSERT INTO `medical_management_system`.`user_role` (`user_id`, `role_id`) VALUES ((SELECT id FROM users WHERE phone_number = '212221114'),(SELECT id FROM role WHERE roles = 'PATIENT'));

#Insert into speciality
INSERT INTO `medical_management_system`.`speciality` (`name`) VALUES ('General');
INSERT INTO `medical_management_system`.`speciality` (`name`) VALUES ('Pediatrican');
INSERT INTO `medical_management_system`.`speciality` (`name`) VALUES ('Cardiology');

#Insert into user_speciality

INSERT INTO `medical_management_system`.`user_speciality` (`user_id`, `speciality_id`) VALUES ((SELECT id FROM users WHERE full_name='Charles Leclerc'),(SELECT id FROM speciality WHERE name = 'General'));
INSERT INTO `medical_management_system`.`user_speciality` (`user_id`, `speciality_id`) VALUES ((SELECT id FROM users WHERE full_name='Gregory House'),(SELECT id FROM speciality WHERE  name = 'Pediatrican'));
INSERT INTO `medical_management_system`.`user_speciality` (`user_id`, `speciality_id`) VALUES ((SELECT id FROM users WHERE full_name='Stephen Strange'),(SELECT id FROM speciality WHERE name = 'Cardiology'));





# Insert into Appointments
INSERT INTO `medical_management_system`.`appointments` (`appointment_date_end_time`, `appointment_date_start_time`, `doctor_id`, `patient_id`) VALUES ('2023-07-28 10:00:00', '2023-07-28 09:00:00', (SELECT id FROM users WHERE full_name='Charles Leclerc') ,(SELECT id FROM users WHERE phone_number = '4728337482'));
INSERT INTO `medical_management_system`.`appointments` (`appointment_date_end_time`, `appointment_date_start_time`, `doctor_id`, `patient_id`) VALUES ('2023-07-30 12:00:00', '2023-07-30 11:00:00', (SELECT id FROM users WHERE full_name='Charles Leclerc') ,(SELECT id FROM users WHERE phone_number = '8348923612'));
INSERT INTO `medical_management_system`.`appointments` (`appointment_date_end_time`, `appointment_date_start_time`, `doctor_id`, `patient_id`) VALUES ('2023-08-13 14:00:00', '2023-08-13 13:00:00', (SELECT id FROM users WHERE full_name='Charles Leclerc') ,(SELECT id FROM users WHERE phone_number = '92362184'));
INSERT INTO `medical_management_system`.`appointments` (`appointment_date_end_time`, `appointment_date_start_time`, `doctor_id`, `patient_id`) VALUES ('2023-07-29 16:00:00', '2023-07-29 15:00:00', (SELECT id FROM users WHERE full_name='Gregory House') ,(SELECT id FROM users WHERE phone_number = '547423093'));
INSERT INTO `medical_management_system`.`appointments` (`appointment_date_end_time`, `appointment_date_start_time`, `doctor_id`, `patient_id`) VALUES ('2023-07-27 18:00:00', '2023-07-27 17:00:00', (SELECT id FROM users WHERE full_name='Gregory House') ,(SELECT id FROM users WHERE phone_number = '003834252'));
INSERT INTO `medical_management_system`.`appointments` (`appointment_date_end_time`, `appointment_date_start_time`, `doctor_id`, `patient_id`) VALUES ('2023-08-08 11:30:00', '2023-08-08 10:30:00', (SELECT id FROM users WHERE full_name='Gregory House') ,(SELECT id FROM users WHERE phone_number = '57239145'));
INSERT INTO `medical_management_system`.`appointments` (`appointment_date_end_time`, `appointment_date_start_time`, `doctor_id`, `patient_id`) VALUES ('2023-07-28 12:45:00', '2023-07-28 11:45:00', (SELECT id FROM users WHERE full_name='Stephen Strange') ,(SELECT id FROM users WHERE phone_number = '93482663'));
INSERT INTO `medical_management_system`.`appointments` (`appointment_date_end_time`, `appointment_date_start_time`, `doctor_id`, `patient_id`) VALUES ('2023-08-18 13:10:00', '2023-08-18 12:10:00', (SELECT id FROM users WHERE full_name='Stephen Strange') ,(SELECT id FROM users WHERE phone_number = '3627183'));
INSERT INTO `medical_management_system`.`appointments` (`appointment_date_end_time`, `appointment_date_start_time`, `doctor_id`, `patient_id`) VALUES ('2023-08-18 16:00:00', '2023-08-18 15:00:00', (SELECT id FROM users WHERE full_name='Stephen Strange') ,(SELECT id FROM users WHERE phone_number = '57355253'));