use medical_management_system;
#Insert into Role

INSERT INTO `medical_management_system`.`role` (`roles`) VALUES ('DOCTOR');
INSERT INTO `medical_management_system`.`role` (`roles`) VALUES ('PATIENT');


#Inser into Users
INSERT INTO `medical_management_system`.`users` ( `email`, `full_name`, `phone_number`) VALUES ('steve@gmail.com', 'Steve Rogers', '4728337482');
INSERT INTO `medical_management_system`.`users` ( `email`, `full_name`, `phone_number`) VALUES ('tony@gmail.com', 'Tony Stark', '8348923612');
INSERT INTO `medical_management_system`.`users` ( `email`, `full_name`, `phone_number`) VALUES ('natasha@gmail.com', 'Natasha Romanoff', '92362184');
INSERT INTO `medical_management_system`.`users` ( `email`, `full_name`, `phone_number`) VALUES ('peggy@gmail.com', 'Peggy Carter', '547423093');
INSERT INTO `medical_management_system`.`users` ( `email`, `full_name`, `phone_number`) VALUES ('romeisa@gmail.com', 'Romeisa Aliu', '003834252');
INSERT INTO `medical_management_system`.`users` ( `email`, `full_name`, `phone_number`) VALUES ('klejda@gmail.com', 'Klejda Rrapaj', '57239145');
INSERT INTO `medical_management_system`.`users` ( `email`, `full_name`, `phone_number`) VALUES ('sildi@gmail.com', 'Sildi Ricku', '93482663');
INSERT INTO `medical_management_system`.`users` ( `email`, `full_name`, `phone_number`) VALUES ('carlos@gmail.com', 'Carlos Sainz', '3627183');
INSERT INTO `medical_management_system`.`users` ( `email`, `full_name`, `phone_number`) VALUES ('pablus@gmail.com', 'Pablus Pabliuus', '57355253');
INSERT INTO `medical_management_system`.`users` ( `email`, `full_name`, `phone_number`) VALUES ('francesco@gmail.com', 'Francesco Totti', '298342184');
INSERT INTO `medical_management_system`.`users` ( `email`, `full_name`, `phone_number`) VALUES ('matt@gmail.com', 'Matt Smith', '473829742');
INSERT INTO `medical_management_system`.`users` ( `email`, `full_name`, `phone_number`) VALUES ('wanda@gmail.com', 'Wanda Maximoff', '76538291');
INSERT INTO `medical_management_system`.`users` ( `email`, `full_name`, `phone_number`) VALUES ('max@gmail.com', 'Max Verstappen', '5738219353');
INSERT INTO `medical_management_system`.`users` ( `email`, `full_name`, `phone_number`) VALUES ('kleaprifti21@gmail.com', 'Charles Leclerc', '83728264');
INSERT INTO `medical_management_system`.`users` ( `email`, `full_name`, `phone_number`) VALUES ('daniel@gmail.com', 'Daniel Ricciardo', '8038472');
INSERT INTO `medical_management_system`.`users` ( `email`, `full_name`, `phone_number`) VALUES ('sebastian@gmail.com', 'Sebastian Vettel', '58384734');
INSERT INTO `medical_management_system`.`users` ( `email`, `full_name`, `phone_number`) VALUES ('fernando@gmail.com', 'Fernando Alonso', '85232244');
INSERT INTO `medical_management_system`.`users` ( `email`, `full_name`, `phone_number`) VALUES ('lewis@gmail.com', 'Lewis Hamilton', '1234567');
INSERT INTO `medical_management_system`.`users` ( `email`, `full_name`, `phone_number`) VALUES ('lando@gmail.com', 'Lando Norris', '85634283');
INSERT INTO `medical_management_system`.`users` ( `email`, `full_name`, `phone_number`) VALUES ('carol@gmail.com', 'Carol Denvers', '462827421');
INSERT INTO `medical_management_system`.`users` ( `email`, `full_name`, `phone_number`) VALUES ('gamora@gmail.com', 'Gamora Quill', '000394821');
INSERT INTO `medical_management_system`.`users` ( `email`, `full_name`, `phone_number`) VALUES ('sherlock@gmail.com', 'Sherlock Holmes', '111482231');
INSERT INTO `medical_management_system`.`users` ( `email`, `full_name`, `phone_number`) VALUES ('10aromeisaaliu@gmail.com', 'Gregory House', '222333444');
INSERT INTO `medical_management_system`.`users` ( `email`, `full_name`, `phone_number`) VALUES ('romeisaaliu1@gmail.com', 'Stephen Strange', '8884443222');
INSERT INTO `medical_management_system`.`users` ( `email`, `full_name`, `phone_number`) VALUES ('john@gmail.com', 'John Watson', '999323333');
INSERT INTO `medical_management_system`.`users` ( `email`, `full_name`, `phone_number`) VALUES ('irene@gmail.com', 'Irene Adler', '0002222111');
INSERT INTO `medical_management_system`.`users` ( `email`, `full_name`, `phone_number`) VALUES ('johnsmith@gmail.com', 'John Smith', '373163982');
INSERT INTO `medical_management_system`.`users` ( `email`, `full_name`, `phone_number`) VALUES ('moriarty@gmail.com', 'James Moriarty', '32223833');
INSERT INTO `medical_management_system`.`users` ( `email`, `full_name`, `phone_number`) VALUES ('thanos@gmail.com', 'Thanos Lang', '212221114');


INSERT INTO `medical_management_system`.`user_role` (`user_id`, `role_id`) VALUES ((SELECT id FROM users WHERE phone_number = '4728337482'),(SELECT id FROM role WHERE roles = 'PATIENT'));
INSERT INTO `medical_management_system`.`user_role` (`user_id`, `role_id`) VALUES ((SELECT id FROM users WHERE phone_number = '8348923612'),(SELECT id FROM role WHERE roles = 'PATIENT'));
INSERT INTO `medical_management_system`.`user_role` (`user_id`, `role_id`) VALUES ((SELECT id FROM users WHERE phone_number = '92362184'),(SELECT id FROM role WHERE roles = 'PATIENT'));
INSERT INTO `medical_management_system`.`user_role` (`user_id`, `role_id`) VALUES ((SELECT id FROM users WHERE phone_number = '547423093'),(SELECT id FROM role WHERE roles = 'PATIENT'));
INSERT INTO `medical_management_system`.`user_role` (`user_id`, `role_id`) VALUES ((SELECT id FROM users WHERE phone_number = '003834252'),(SELECT id FROM role WHERE roles = 'PATIENT'));
INSERT INTO `medical_management_system`.`user_role` (`user_id`, `role_id`) VALUES ((SELECT id FROM users WHERE phone_number = '57239145'),(SELECT id FROM role WHERE roles = 'PATIENT'));
INSERT INTO `medical_management_system`.`user_role` (`user_id`, `role_id`) VALUES ((SELECT id FROM users WHERE phone_number = '93482663'),(SELECT id FROM role WHERE roles = 'PATIENT'));
INSERT INTO `medical_management_system`.`user_role` (`user_id`, `role_id`) VALUES ((SELECT id FROM users WHERE phone_number = '3627183'),(SELECT id FROM role WHERE roles = 'PATIENT'));
INSERT INTO `medical_management_system`.`user_role` (`user_id`, `role_id`) VALUES ((SELECT id FROM users WHERE phone_number = '57355253'),(SELECT id FROM role WHERE roles = 'PATIENT'));
INSERT INTO `medical_management_system`.`user_role` (`user_id`, `role_id`) VALUES ((SELECT id FROM users WHERE phone_number = '298342184'),(SELECT id FROM role WHERE roles = 'PATIENT'));
INSERT INTO `medical_management_system`.`user_role` (`user_id`, `role_id`) VALUES ((SELECT id FROM users WHERE phone_number = '473829742'),(SELECT id FROM role WHERE roles = 'PATIENT'));
INSERT INTO `medical_management_system`.`user_role` (`user_id`, `role_id`) VALUES ((SELECT id FROM users WHERE phone_number = '76538291'),(SELECT id FROM role WHERE roles = 'PATIENT'));
INSERT INTO `medical_management_system`.`user_role` (`user_id`, `role_id`) VALUES ((SELECT id FROM users WHERE phone_number = '5738219353'),(SELECT id FROM role WHERE roles = 'PATIENT'));
INSERT INTO `medical_management_system`.`user_role` (`user_id`, `role_id`) VALUES ((SELECT id FROM users WHERE phone_number = '83728264'),(SELECT id FROM role WHERE roles = 'PATIENT'));
INSERT INTO `medical_management_system`.`user_role` (`user_id`, `role_id`) VALUES ((SELECT id FROM users WHERE phone_number = '83728264'),(SELECT id FROM role WHERE roles = 'DOCTOR'));
INSERT INTO `medical_management_system`.`user_role` (`user_id`, `role_id`) VALUES ((SELECT id FROM users WHERE phone_number = '8038472'),(SELECT id FROM role WHERE roles = 'PATIENT'));
INSERT INTO `medical_management_system`.`user_role` (`user_id`, `role_id`) VALUES ((SELECT id FROM users WHERE phone_number = '58384734'),(SELECT id FROM role WHERE roles = 'PATIENT'));
INSERT INTO `medical_management_system`.`user_role` (`user_id`, `role_id`) VALUES ((SELECT id FROM users WHERE phone_number = '85232244'),(SELECT id FROM role WHERE roles = 'PATIENT'));
INSERT INTO `medical_management_system`.`user_role` (`user_id`, `role_id`) VALUES ((SELECT id FROM users WHERE phone_number = '1234567'),(SELECT id FROM role WHERE roles = 'PATIENT'));
INSERT INTO `medical_management_system`.`user_role` (`user_id`, `role_id`) VALUES ((SELECT id FROM users WHERE phone_number = '85634283'),(SELECT id FROM role WHERE roles = 'PATIENT'));
INSERT INTO `medical_management_system`.`user_role` (`user_id`, `role_id`) VALUES ((SELECT id FROM users WHERE phone_number = '462827421'),(SELECT id FROM role WHERE roles = 'PATIENT'));
INSERT INTO `medical_management_system`.`user_role` (`user_id`, `role_id`) VALUES ((SELECT id FROM users WHERE phone_number = '000394821'),(SELECT id FROM role WHERE roles = 'PATIENT'));
INSERT INTO `medical_management_system`.`user_role` (`user_id`, `role_id`) VALUES ((SELECT id FROM users WHERE phone_number = '111482231'),(SELECT id FROM role WHERE roles = 'PATIENT'));
INSERT INTO `medical_management_system`.`user_role` (`user_id`, `role_id`) VALUES ((SELECT id FROM users WHERE phone_number = '222333444'),(SELECT id FROM role WHERE roles = 'DOCTOR'));
INSERT INTO `medical_management_system`.`user_role` (`user_id`, `role_id`) VALUES ((SELECT id FROM users WHERE phone_number = '8884443222'),(SELECT id FROM role WHERE roles = 'DOCTOR'));
INSERT INTO `medical_management_system`.`user_role` (`user_id`, `role_id`) VALUES ((SELECT id FROM users WHERE phone_number = '999323333'),(SELECT id FROM role WHERE roles = 'PATIENT'));
INSERT INTO `medical_management_system`.`user_role` (`user_id`, `role_id`) VALUES ((SELECT id FROM users WHERE phone_number = '0002222111'),(SELECT id FROM role WHERE roles = 'PATIENT'));
INSERT INTO `medical_management_system`.`user_role` (`user_id`, `role_id`) VALUES ((SELECT id FROM users WHERE phone_number = '373163982'),(SELECT id FROM role WHERE roles = 'PATIENT'));
INSERT INTO `medical_management_system`.`user_role` (`user_id`, `role_id`) VALUES ((SELECT id FROM users WHERE phone_number = '32223833'),(SELECT id FROM role WHERE roles = 'PATIENT'));
INSERT INTO `medical_management_system`.`user_role` (`user_id`, `role_id`) VALUES ((SELECT id FROM users WHERE phone_number = '212221114'),(SELECT id FROM role WHERE roles = 'PATIENT'));




#Insert into speciality
INSERT INTO `medical_management_system`.`speciality` (`email`,`name`) VALUES ('kleaprifti21@gmail.com','General');
INSERT INTO `medical_management_system`.`speciality` (`email`,`name`) VALUES ('10aromeisaaliu@gmail.com','Pediatrican');
INSERT INTO `medical_management_system`.`speciality` (`email`,`name`) VALUES ('romeisaaliu1@gmail.com','Cardiology');


#Insert into user_speciality

INSERT INTO `medical_management_system`.`user_speciality` (`user_id`, `speciality_id`) VALUES ((SELECT id FROM users WHERE full_name='Charles Leclerc'),(SELECT id FROM speciality WHERE name = 'General'));
INSERT INTO `medical_management_system`.`user_speciality` (`user_id`, `speciality_id`) VALUES ((SELECT id FROM users WHERE full_name='Gregory House'),(SELECT id FROM speciality WHERE  name = 'Pediatrican'));
INSERT INTO `medical_management_system`.`user_speciality` (`user_id`, `speciality_id`) VALUES ((SELECT id FROM users WHERE full_name='Stephen Strange'),(SELECT id FROM speciality WHERE name = 'Cardiology'));





#Insert into Appointments
INSERT INTO `medical_management_system`.`appointments` (`appointment_date_end_time`, `appointment_date_start_time`, `doctor_id`, `patient_id`) VALUES ('2023-03-20 10:00:00', '2023-03-20 09:00:00', (SELECT id FROM users WHERE full_name='Charles Leclerc') ,(SELECT id FROM users WHERE phone_number = '4728337482'));
INSERT INTO `medical_management_system`.`appointments` (`appointment_date_end_time`, `appointment_date_start_time`, `doctor_id`, `patient_id`) VALUES ('2023-03-21 12:00:00', '2023-03-21 11:00:00', (SELECT id FROM users WHERE full_name='Charles Leclerc') ,(SELECT id FROM users WHERE phone_number = '8348923612'));
INSERT INTO `medical_management_system`.`appointments` (`appointment_date_end_time`, `appointment_date_start_time`, `doctor_id`, `patient_id`) VALUES ('2023-03-22 14:00:00', '2023-03-22 13:00:00', (SELECT id FROM users WHERE full_name='Charles Leclerc') ,(SELECT id FROM users WHERE phone_number = '92362184'));
INSERT INTO `medical_management_system`.`appointments` (`appointment_date_end_time`, `appointment_date_start_time`, `doctor_id`, `patient_id`) VALUES ('2023-03-23 16:00:00', '2023-03-23 15:00:00', (SELECT id FROM users WHERE full_name='Gregory House') ,(SELECT id FROM users WHERE phone_number = '547423093'));
INSERT INTO `medical_management_system`.`appointments` (`appointment_date_end_time`, `appointment_date_start_time`, `doctor_id`, `patient_id`) VALUES ('2023-03-24 18:00:00', '2023-03-24 17:00:00', (SELECT id FROM users WHERE full_name='Gregory House') ,(SELECT id FROM users WHERE phone_number = '003834252'));
INSERT INTO `medical_management_system`.`appointments` (`appointment_date_end_time`, `appointment_date_start_time`, `doctor_id`, `patient_id`) VALUES ('2023-03-25 11:30:00', '2023-03-25 10:30:00', (SELECT id FROM users WHERE full_name='Gregory House') ,(SELECT id FROM users WHERE phone_number = '57239145'));
INSERT INTO `medical_management_system`.`appointments` (`appointment_date_end_time`, `appointment_date_start_time`, `doctor_id`, `patient_id`) VALUES ('2023-03-26 12:45:00', '2023-03-26 11:45:00', (SELECT id FROM users WHERE full_name='Stephen Strange') ,(SELECT id FROM users WHERE phone_number = '93482663'));
INSERT INTO `medical_management_system`.`appointments` (`appointment_date_end_time`, `appointment_date_start_time`, `doctor_id`, `patient_id`) VALUES ('2023-03-27 13:10:00', '2023-03-27 12:10:00', (SELECT id FROM users WHERE full_name='Stephen Strange') ,(SELECT id FROM users WHERE phone_number = '3627183'));
INSERT INTO `medical_management_system`.`appointments` (`appointment_date_end_time`, `appointment_date_start_time`, `doctor_id`, `patient_id`) VALUES ('2023-03-28 16:00:00', '2023-03-28 15:00:00', (SELECT id FROM users WHERE full_name='Stephen Strange') ,(SELECT id FROM users WHERE phone_number = '57355253'));

